Date,Open,High,Low,Close,Volume,Adj Close
11/27/2015,71.900002,72.419998,71.419998,72.400002,189200,72.400002
11/25/2015,71.589996,72,71.32,71.830002,271900,71.830002
11/24/2015,71.309998,71.389999,70.449997,71.330002,523000,71.330002
11/23/2015,72.199997,72.32,71.470001,71.550003,362700,71.550003
11/20/2015,71.919998,72,71.550003,71.980003,391600,71.980003
11/19/2015,71.400002,72,71.260002,71.730003,620200,71.730003
11/18/2015,70.730003,71.480003,70.269997,71.400002,482300,71.400002
11/17/2015,70.139999,70.839996,69.82,70.599998,440500,70.599998
11/16/2015,69.629997,70.040001,68.790001,70,683700,70
11/13/2015,69.050003,69.669998,68.519997,69.559998,870100,69.559998
11/12/2015,70.349998,70.459999,69.419998,69.519997,828700,69.519997
11/11/2015,70.029999,71.339996,70.019997,70.629997,816400,70.629997
11/10/2015,69.209999,70.139999,69.010002,70.059998,707600,70.059998
11/9/2015,68.559998,69.43,67.510002,69.199997,440500,69.199997
11/6/2015,68.879997,69.650002,67.82,68.809998,583700,68.809998
11/5/2015,67.639999,68.580002,67.57,68.379997,322500,68.379997
11/4/2015,68.599998,69.010002,67.610001,67.900002,413800,67.900002
11/3/2015,68.459999,69.089996,68.220001,68.809998,622100,68.809998
11/2/2015,67.43,68.610001,67.43,68.32,588000,68.32
10/30/2015,67.959999,68.93,66.620003,67.040001,917700,67.040001
10/29/2015,68.919998,69.43,68.160004,69.160004,804600,69.160004
10/28/2015,67.959999,68.82,67.349998,68.800003,618800,68.800003
10/27/2015,66.860001,67.959999,66.709999,67.949997,548700,67.949997
10/26/2015,66.830002,67.510002,66.68,67.370003,589000,67.370003
10/23/2015,66.529999,66.970001,66.120003,66.970001,445100,66.970001
10/22/2015,65.18,66.279999,65.169998,66.160004,374400,66.160004
10/21/2015,66.089996,66.550003,65.040001,65.139999,496100,65.139999
10/20/2015,65.68,66.120003,65.279999,65.800003,508700,65.800003
10/19/2015,65.199997,65.769997,65.019997,65.690002,537800,65.690002
10/16/2015,66.18,66.379997,64.830002,65.220001,522300,65.220001
10/15/2015,65.809998,66.470001,65.809998,66.360001,519500,66.360001
10/14/2015,65.510002,66.599998,65.129997,65.769997,456800,65.769997
10/13/2015,65.470001,66.029999,64.989998,65.190002,697700,65.190002
10/12/2015,65.620003,66.32,65.269997,65.93,666300,65.93
10/9/2015,65.669998,66.199997,65.080002,65.43,579200,65.43
10/8/2015,65.169998,65.900002,64.699997,65.839996,738900,65.839996
10/7/2015,66.129997,66.129997,64.129997,65.089996,1249300,65.089996
10/6/2015,66.239998,66.639999,64.910004,65.610001,1122800,65.610001
10/5/2015,67.830002,68.279999,66.029999,66.269997,1353800,66.269997
10/2/2015,66.970001,67.510002,65.779999,67.32,912600,67.32
10/1/2015,67.330002,68.150002,66.870003,67.25,972800,67.25
9/30/2015,66.300003,67.220001,65.949997,67.080002,715900,67.080002
9/29/2015,65.769997,66.150002,65.160004,65.779999,602500,65.779999
9/28/2015,66.019997,66.559998,65.629997,65.650002,479300,65.650002
9/25/2015,66.620003,67.029999,65.940002,66.400002,544900,66.400002
9/24/2015,65.779999,66.349998,65.440002,66.160004,459400,66.160004
9/23/2015,65.080002,66.099998,64.800003,66.029999,295200,66.029999
9/22/2015,64.599998,65.330002,64.239998,65.139999,459400,65.139999
9/21/2015,64.900002,65.82,64.639999,65.389999,378900,65.389999
9/18/2015,64.379997,65.540001,64.040001,64.639999,918600,64.639999
9/17/2015,66.400002,67,64.800003,65.129997,956700,65.129997
9/16/2015,66.010002,66.440002,65.459999,66.339996,499800,66.339996
9/15/2015,66.279999,66.279999,65.709999,65.940002,318900,65.940002
9/14/2015,66.010002,66.25,65.660004,65.93,256100,65.93
9/11/2015,65.190002,66.07,65.059998,65.989998,342400,65.989998
9/10/2015,64.580002,65.650002,64.410004,65.400002,532500,65.400002
9/9/2015,64.769997,65.410004,64.300003,64.360001,971400,64.360001
9/8/2015,64.25,64.580002,63.540001,64.449997,598800,64.449997
9/4/2015,63.259998,63.91,63.25,63.509998,390400,63.509998
9/3/2015,63.759998,64.400002,63.529999,63.759998,517700,63.759998
9/2/2015,63.349998,63.790001,62.880001,63.77,624100,63.77
9/1/2015,62.650002,63.169998,62.259998,62.580002,528100,62.350003
8/31/2015,63.689999,64.040001,63.099998,63.259998,464700,63.0275
8/28/2015,63.5,63.950001,63.349998,63.82,443200,63.585443
8/27/2015,63.009998,63.59,62.580002,63.380001,701500,63.147062
8/26/2015,61.639999,62.970001,60.66,62.709999,858100,62.479522
8/25/2015,61.25,61.779999,60.400002,60.52,770800,60.297572
8/24/2015,59.130001,61.93,58.25,60.369999,1118500,60.148122
8/21/2015,62.990002,63.220001,61.299999,61.419998,744000,61.194262
8/20/2015,63.450001,63.720001,62.880001,63.029999,389400,62.798346
8/19/2015,64.089996,64.18,63.400002,63.759998,444900,63.525662
8/18/2015,64.099998,64.5,63.919998,64.199997,404600,63.964044
8/17/2015,63.98,64.529999,63.610001,64.370003,588200,64.133425
8/14/2015,63.470001,64.449997,63.27,64.410004,356200,64.173279
8/13/2015,63.369999,63.880001,63.16,63.450001,318000,63.216804
8/12/2015,63.389999,63.389999,62.189999,63.299999,653300,63.067354
8/11/2015,63.919998,63.970001,62.93,63.349998,292300,63.117169
8/10/2015,63.779999,64.599998,63.610001,63.900002,499500,63.665151
8/7/2015,62.990002,63.490002,62.84,63.389999,602800,63.157023
8/6/2015,63.25,63.630001,62.700001,62.900002,448000,62.668826
8/5/2015,62.299999,63.419998,62.279999,63.02,685300,62.788384
8/4/2015,62.470001,62.740002,62.060001,62.540001,559500,62.310149
8/3/2015,61.919998,62.57,61.68,62.349998,607100,62.120845
7/31/2015,61.799999,62.75,61.130001,61.98,525500,61.752206
7/30/2015,60.98,61.959999,60.59,61.669998,634900,61.443344
7/29/2015,60.220001,60.970001,60.169998,60.880001,325900,60.65625
7/28/2015,61.09,61.09,60.259998,60.349998,402100,60.128195
7/27/2015,61.759998,61.84,60.59,60.790001,408000,60.566581
7/24/2015,61.150002,61.939999,61.09,61.93,461500,61.70239
7/23/2015,62.279999,62.299999,61.380001,61.419998,558000,61.194262
7/22/2015,61.220001,62.07,61.029999,62.049999,424300,61.821948
7/21/2015,61.68,61.900002,61.080002,61.150002,295800,60.925258
7/20/2015,61.889999,61.959999,61.41,61.59,331700,61.36364
7/17/2015,61.529999,61.919998,61.169998,61.919998,488800,61.692425
7/16/2015,61.459999,61.689999,60.66,61.57,514600,61.343713
7/15/2015,61.200001,61.52,60.5,61.419998,441900,61.194262
7/14/2015,60.5,61.080002,60.07,60.759998,503300,60.536688
7/13/2015,62,62.369999,60.040001,60.389999,990800,60.168049
7/10/2015,61.580002,61.900002,61.150002,61.849998,446000,61.622682
7/9/2015,60.73,61.48,60.59,60.889999,478000,60.666211
7/8/2015,60.02,60.48,59.93,60.330002,759500,60.108272
7/7/2015,60.57,60.720001,59.32,60.23,587900,60.008637
7/6/2015,59.060001,60.389999,58.68,60.389999,981900,60.168049
7/2/2015,58.889999,59.689999,58.32,59.43,849800,59.211578
7/1/2015,57.41,58.57,57.41,58.48,706100,58.265069
6/30/2015,57.450001,57.639999,56.810001,57.220001,723800,57.009702
6/29/2015,56.82,57.240002,56.419998,57.060001,740900,56.85029
6/26/2015,57.48,57.669998,57.040001,57.299999,638600,57.089406
6/25/2015,57.060001,57.560001,57.060001,57.560001,388100,57.348452
6/24/2015,57.939999,58.009998,57.040001,57.119999,409300,56.910067
6/23/2015,58.470001,58.810001,57.790001,57.900002,444300,57.687203
6/22/2015,58.66,58.66,57.860001,58.400002,446000,58.185365
6/19/2015,58.77,58.849998,58.259998,58.43,828700,58.215254
6/18/2015,59.150002,59.5,58.599998,58.650002,418000,58.434446
6/17/2015,59.439999,59.639999,58.970001,59.259998,611300,59.042201
6/16/2015,59.599998,59.599998,58.93,59.200001,542400,58.982424
6/15/2015,57.990002,59.470001,57.450001,59.470001,820900,59.251432
6/12/2015,58.560001,58.560001,57.889999,58.310001,412300,58.095696
6/11/2015,58.25,58.59,58.029999,58.57,487500,58.354738
6/10/2015,57.790001,58.279999,57.369999,58.040001,570000,57.826688
6/9/2015,57.23,57.84,57.029999,57.59,305800,57.378341
6/8/2015,57.630001,58,57.25,57.389999,465700,57.179075
6/5/2015,57.07,57.599998,56.970001,57.099998,384800,56.89014
6/4/2015,57.439999,57.59,56.98,57.470001,447600,57.258783
6/3/2015,57.43,58.130001,57.099998,57.419998,618700,57.208963
6/2/2015,57.720001,58,57.169998,57.349998,465600,57.139221
6/1/2015,58.73,58.759998,57.939999,58.060001,471300,57.846614
5/29/2015,58.439999,58.720001,57.84,58.52,333600,58.304923
5/28/2015,58.32,58.709999,58.02,58.43,482700,58.215254
5/27/2015,58.810001,58.91,58.16,58.380001,539200,58.165438
5/26/2015,58.959999,59.32,58.509998,58.810001,572700,58.384631
5/22/2015,58.490002,59.240002,58.400002,59.16,469200,58.732098
5/21/2015,58.209999,58.209999,57.759998,58.060001,350400,57.640055
5/20/2015,58.369999,58.759998,58.049999,58.150002,513600,57.729405
5/19/2015,58.509998,58.900002,58.060001,58.450001,712700,58.027234
5/18/2015,58.759998,58.93,58.259998,58.310001,768900,57.888247
5/15/2015,59.560001,59.610001,58.25,58.689999,550300,58.265496
5/14/2015,59.009998,59.41,58.779999,59.400002,481800,58.970363
5/13/2015,58.57,58.91,58.360001,58.849998,1016600,58.424339
5/12/2015,57.73,58.84,57.400002,58.77,910900,58.344919
5/11/2015,57.389999,58.18,56.98,58.09,537600,57.669837
5/8/2015,57.029999,57.419998,56.990002,57.27,460300,56.855769
5/7/2015,55.560001,57.150002,55.540001,56.84,885300,56.428878
5/6/2015,55.630001,56.209999,55.549999,55.82,603400,55.416256
5/5/2015,55.310001,55.939999,55.040001,55.5,601800,55.09857
5/4/2015,55.639999,55.98,55.23,55.529999,819200,55.128352
5/1/2015,56.790001,58.060001,55.259998,55.509998,1109300,55.108496
4/30/2015,56.810001,57.099998,56,56.27,1065700,55.863002
4/29/2015,56.73,57.34,56.73,56.889999,361100,56.478516
4/28/2015,56.700001,57.310001,56.310001,57.099998,328500,56.686996
4/27/2015,57.27,57.630001,56.5,56.549999,461100,56.140975
4/24/2015,57.75,57.75,57.09,57.25,314700,56.835913
4/23/2015,57.040001,57.779999,56.849998,57.639999,523000,57.223091
4/22/2015,57.32,57.580002,57.02,57.310001,353300,56.89548
4/21/2015,57.790001,58.169998,57.310001,57.330002,512300,56.915336
4/20/2015,58.23,58.43,57.630001,57.650002,468800,57.233021
4/17/2015,58.290001,58.77,57.529999,58,726200,57.580488
4/16/2015,58.200001,58.810001,57.610001,58.5,621200,58.076872
4/15/2015,58.290001,58.77,57.939999,58.400002,821900,57.977596
4/14/2015,57.040001,58.150002,56.880001,58.119999,995600,57.699619
4/13/2015,57.099998,57.459999,57.040001,57.27,458000,56.855769
4/10/2015,57.049999,57.299999,56.5,57.23,429400,56.816057
4/9/2015,56.540001,57.16,56.369999,57.150002,635300,56.736638
4/8/2015,56.709999,57.200001,56.48,56.57,933300,56.160831
4/7/2015,56.360001,57.529999,56.220001,56.68,1476600,56.270036
4/6/2015,56.02,56.32,55.52,56.18,947000,55.773652
4/2/2015,56.220001,56.450001,55.259998,56.02,1543700,55.61481
4/1/2015,57.110001,57.5,56.509998,56.720001,625200,56.309747
3/31/2015,57.970001,58.23,57.16,57.41,551800,56.994755
3/30/2015,57.73,58.419998,57.689999,58.23,441500,57.808824
3/27/2015,57.439999,57.91,56.959999,57.470001,482500,57.054323
3/26/2015,56.720001,58.110001,56.57,57.73,738300,57.312441
3/25/2015,58.52,58.52,57.07,57.110001,799400,56.696926
3/24/2015,59.310001,59.470001,58.07,58.25,1140900,57.82868
3/23/2015,59.32,59.740002,59.189999,59.450001,577000,59.020001
3/20/2015,60.02,60.02,59.189999,59.509998,810700,59.079565
3/19/2015,58.639999,59.91,58.639999,59.82,479300,59.387324
3/18/2015,59.400002,59.73,58.669998,58.779999,759000,58.354845
3/17/2015,59.849998,59.959999,59.290001,59.869999,393000,59.436961
3/16/2015,59.830002,60.57,59.77,60,433800,59.566022
3/13/2015,59.66,60.080002,58.93,59.41,552000,58.980289
3/12/2015,61.099998,61.16,59.549999,59.709999,1061200,59.278119
3/11/2015,60.48,60.830002,59.919998,60.720001,698400,60.280816
3/10/2015,60.130001,60.790001,59.799999,60.59,841800,60.151755
3/9/2015,60.029999,60.779999,59.619999,60.439999,1089900,60.002838
3/6/2015,58.639999,60.23,58.419998,59.889999,1607900,59.456817
3/5/2015,58.529999,59.07,58.02,58.950001,665000,58.523618
3/4/2015,58.950001,59.200001,58.439999,58.549999,680700,58.126509
3/3/2015,59,59.23,58.189999,58.98,1246900,58.553399
3/2/2015,59.849998,59.990002,58.669998,59.48,1290000,59.049783
2/27/2015,59.75,60.32,59.380001,60.029999,814400,59.595804
2/26/2015,61.709999,62.080002,60.619999,60.849998,696400,60.409873
2/25/2015,62.669998,63,61.650002,61.860001,660300,61.412569
2/24/2015,62.830002,63.389999,62.450001,62.689999,779400,62.02808
2/23/2015,62.360001,63.02,62.029999,63,489300,62.334808
2/20/2015,61.950001,62.650002,61.639999,62.610001,560900,61.948926
2/19/2015,62.080002,62.560001,61.68,61.959999,409500,61.305788
2/18/2015,62.32,62.740002,61.43,62.139999,760700,61.483888
2/17/2015,62.759998,63.16,62.360001,62.610001,483100,61.948926
2/13/2015,62.27,63.150002,61.950001,63.009998,570700,62.344701
2/12/2015,62.110001,62.580002,61.880001,62.169998,525500,61.51357
2/11/2015,61.720001,62.529999,61.439999,62.040001,649400,61.384945
2/10/2015,61.77,61.779999,61.080002,61.59,561200,60.939696
2/9/2015,61.490002,61.91,61.099998,61.330002,856100,60.682443
2/6/2015,62.119999,63.02,60.950001,62.459999,1647600,61.800509
2/5/2015,64.949997,65.860001,64.800003,65.139999,802100,64.452212
2/4/2015,63.650002,64.879997,63.650002,64.489998,1101500,63.809073
2/3/2015,63.990002,64.410004,63,63.889999,981400,63.21541
2/2/2015,64.449997,64.779999,63.369999,63.990002,864700,63.314357
1/30/2015,65.349998,65.410004,64.260002,64.470001,514800,63.789288
1/29/2015,65.260002,65.940002,65,65.620003,682600,64.927147
1/28/2015,66.169998,66.550003,64.959999,65.300003,606800,64.610526
1/27/2015,65.82,66.849998,65.650002,65.699997,312900,65.006297
1/26/2015,65.730003,66.720001,65,66.419998,374400,65.718696
1/23/2015,65.980003,66.239998,65.43,65.870003,377500,65.174507
1/22/2015,64.199997,66.07,63.52,65.879997,639200,65.184396
1/21/2015,65.75,65.949997,63.48,63.91,1126000,63.235199
1/20/2015,66.760002,67.370003,65.440002,65.889999,428600,65.194293
1/16/2015,65.07,66.589996,64.720001,66.489998,726700,65.787956
1/15/2015,64.75,65.720001,64.75,65.059998,356500,64.373055
1/14/2015,64.970001,65.25,64.360001,65.019997,493100,64.333476
1/13/2015,65.510002,66.389999,65,65.370003,769600,64.679787
1/12/2015,66.279999,66.790001,65.940002,66.139999,471600,65.441653
1/9/2015,66.260002,66.620003,65.980003,66,418900,65.303132
1/8/2015,67.580002,68,66.339996,66.5,712800,65.797853
1/7/2015,66.089996,67.290001,65.589996,67.18,520200,66.470673
1/6/2015,65.75,66.209999,65.379997,66.059998,1234500,65.362496
1/5/2015,63.23,65.720001,62.810001,65.379997,839000,64.689676
1/2/2015,63.880001,64.160004,63,63.360001,347700,62.691007
12/31/2014,64.25,64.639999,63.400002,63.419998,328100,62.750371
12/30/2014,64.650002,65,63.82,64.139999,279200,63.46277
12/29/2014,64.099998,65.160004,63.080002,64.589996,275900,63.908016
12/26/2014,64.889999,65.169998,64.169998,64.190002,171200,63.512246
12/24/2014,64.860001,65.360001,64.389999,64.529999,243100,63.848652
12/23/2014,64.849998,65.389999,64.650002,64.690002,360000,64.006966
12/22/2014,64.18,64.790001,63.93,64.68,441800,63.99707
12/19/2014,64.309998,64.790001,63.650002,64.169998,1140600,63.492452
12/18/2014,63.25,64.489998,62.939999,64.470001,571600,63.789288
12/17/2014,62.549999,62.900002,62.130001,62.779999,667500,62.11713
12/16/2014,62.060001,62.93,61.580002,62.209999,673400,61.553148
12/15/2014,62.57,62.73,61.209999,62.209999,708100,61.553148
12/12/2014,62.830002,63.200001,62.110001,62.34,750600,61.681777
12/11/2014,63.540001,63.869999,62.77,63.529999,515200,62.859211
12/10/2014,62.18,63.66,61.869999,63.169998,974700,62.503011
12/9/2014,61.259998,62.200001,60.380001,62.130001,710300,61.473995
12/8/2014,60.509998,62.029999,60.040001,61.639999,537100,60.989167
12/5/2014,60.860001,61.470001,60.16,60.709999,500500,60.068986
12/4/2014,60.32,60.68,59.93,60.57,474300,59.930465
12/3/2014,59.490002,60.639999,59.240002,60.349998,918000,59.712787
12/2/2014,59.830002,60.73,59.290001,60.529999,717000,59.890886
12/1/2014,59.82,60.709999,59.439999,60.150002,550200,59.514901
11/28/2014,60,61.16,59.810001,59.91,283400,59.277434
11/26/2014,59.639999,59.939999,59.060001,59.779999,396900,59.148805
11/25/2014,59.380001,59.860001,58.77,59.450001,387300,58.822292
11/24/2014,58.939999,60.18,58.939999,59.380001,464700,58.545252
11/21/2014,59.889999,60.369999,58.689999,59.43,607600,58.594548
11/20/2014,59.610001,60.139999,59.349998,59.490002,417500,58.653706
11/19/2014,59.450001,59.990002,59,59.860001,711900,59.018503
11/18/2014,60.150002,60.700001,59.610001,59.619999,536900,58.781876
11/17/2014,60.799999,60.849998,59.700001,60.139999,474800,59.294566
11/14/2014,60.759998,61.27,60.549999,60.810001,309000,59.955149
11/13/2014,61.049999,61.439999,60.360001,60.880001,585000,60.024165
11/12/2014,60.759998,61.349998,60.549999,61.049999,642800,60.191773
11/11/2014,61.869999,62.66,61.73,62.380001,532700,61.503078
11/10/2014,61.939999,62.150002,61.43,61.869999,395700,61.000246
11/7/2014,61.52,62.07,61.099998,61.889999,558300,61.019965
11/6/2014,60.98,62.07,60.880001,61.389999,709400,60.526994
11/5/2014,62.209999,63.27,60.93,61.48,1615500,60.615729
11/4/2014,60.91,62.549999,60.75,62.150002,1242900,61.276312
11/3/2014,59.25,60.950001,59.169998,60.509998,1007100,59.659364
10/31/2014,58.459999,59.099998,56.470001,58.939999,940200,58.111435
10/30/2014,58.02,58.790001,57.959999,58.419998,554500,57.598744
10/29/2014,57.939999,58.299999,57.66,58.279999,342400,57.460713
10/28/2014,57.709999,58.080002,57.23,57.77,353600,56.957884
10/27/2014,57.619999,57.950001,57.32,57.59,369900,56.780414
10/24/2014,56.950001,57.619999,56.93,57.540001,303500,56.731118
10/23/2014,56.759998,57.32,56.349998,56.959999,399400,56.159269
10/22/2014,56.23,56.669998,55.98,56.32,461900,55.528267
10/21/2014,56.369999,56.459999,55.529999,56.25,725300,55.459251
10/20/2014,54.470001,56.119999,53.990002,56.110001,713800,55.32122
10/17/2014,55.880001,55.959999,53.75,54.34,1027900,53.576102
10/16/2014,56.27,56.970001,55.400002,55.560001,1078700,54.778952
10/15/2014,54.93,57,54.200001,56.450001,948000,55.65644
10/14/2014,55.200001,55.849998,54.84,55.57,612800,54.78881
10/13/2014,55.509998,55.639999,54.650002,54.77,692400,54.000057
10/10/2014,55.860001,56.619999,55.240002,55.619999,747200,54.838107
10/9/2014,55.200001,56.150002,54.720001,55.900002,1012500,55.114173
10/8/2014,53.860001,55.400002,53.610001,55.380001,796000,54.601483
10/7/2014,54.009998,54.599998,53.689999,53.860001,731400,53.10285
10/6/2014,54.650002,54.970001,54.209999,54.419998,407800,53.654975
10/3/2014,54.77,54.889999,54.130001,54.490002,561400,53.723995
10/2/2014,53.639999,54.540001,53.43,54.34,710200,53.576102
10/1/2014,53.610001,53.779999,52.900002,53.439999,806700,52.688752
9/30/2014,53.470001,53.91,53.220001,53.529999,457900,52.777487
9/29/2014,53.240002,53.599998,53.080002,53.459999,349500,52.708471
9/26/2014,53.669998,53.889999,53.16,53.810001,369700,53.053554
9/25/2014,53.939999,53.939999,52.779999,53.52,707300,52.767629
9/24/2014,54.360001,54.540001,53.57,53.970001,379700,53.211304
9/23/2014,54.48,54.669998,54.009998,54.139999,445800,53.378913
9/22/2014,55.099998,55.259998,54.32,54.549999,598800,53.783149
9/19/2014,56.009998,56.119999,54.830002,55.119999,810400,54.345135
9/18/2014,55.619999,56.360001,55.360001,55.810001,634500,55.025438
9/17/2014,54.639999,55.560001,54.5,55.330002,506000,54.552186
9/16/2014,54.540001,55.189999,54.380001,54.75,701600,53.980338
9/15/2014,54.77,54.91,54.509998,54.73,396600,53.960619
9/12/2014,54.68,55.27,54.580002,54.810001,846100,54.039496
9/11/2014,54.43,54.830002,54.049999,54.540001,697700,53.773291
9/10/2014,53.919998,54.419998,53.540001,54.349998,577900,53.585959
9/9/2014,53.82,54.189999,53.599998,53.77,812700,53.014115
9/8/2014,53.310001,54.029999,53.310001,53.970001,517200,53.211304
9/5/2014,52.860001,53.419998,52.52,53.330002,407000,52.580302
9/4/2014,53.349998,53.470001,52.509998,52.950001,470100,52.205643
9/3/2014,53.900002,53.900002,52.919998,53.080002,414000,52.333816
9/2/2014,53.169998,53.66,52.799999,53.400002,508300,52.649317
8/29/2014,53.209999,53.310001,52.77,53.029999,353500,52.284516
8/28/2014,52.720001,53.299999,52.599998,53.02,360200,52.274658
8/27/2014,53.869999,53.970001,52.360001,52.889999,963100,52.146485
8/26/2014,53.18,54.16,52.869999,53.889999,771600,52.925379
8/25/2014,52.02,53.360001,51.869999,53.049999,954700,52.100414
8/22/2014,50.91,51.330002,50.720001,51.060001,363300,50.146037
8/21/2014,51.02,51.119999,50.540001,51.009998,572400,50.096929
8/20/2014,51.290001,51.549999,50.720001,51.02,687500,50.106752
8/19/2014,51.849998,51.950001,51.380001,51.529999,768900,50.607622
8/18/2014,51.25,52.110001,51.240002,51.75,602100,50.823685
8/15/2014,50.709999,51.200001,50.400002,51.110001,704400,50.195141
8/14/2014,50.619999,50.709999,50.09,50.450001,591600,49.546955
8/13/2014,50.439999,50.93,50.439999,50.529999,638000,49.625521
8/12/2014,50.560001,51.049999,50.130001,50.360001,696600,49.458566
8/11/2014,50.779999,50.970001,50.380001,50.68,497700,49.772838
8/8/2014,50.349998,50.73,50.049999,50.68,568600,49.772838
8/7/2014,50.009998,50.419998,49.869999,50.200001,680900,49.30143
8/6/2014,49.419998,50.209999,49.419998,50.150002,604400,49.252326
8/5/2014,48.799999,49.700001,48.779999,49.650002,670900,48.761276
8/4/2014,49.880001,50.150002,48.810001,49.200001,767500,48.31933
8/1/2014,48.470001,49.799999,47.02,49.709999,1308900,48.820199
7/31/2014,49.119999,49.439999,48.470001,48.470001,949700,47.602397
7/30/2014,48.970001,49.32,48.599998,49.110001,451800,48.230941
7/29/2014,49.16,49.560001,48.68,48.740002,622300,47.867565
7/28/2014,48.759998,49.419998,48.540001,49.209999,392300,48.329149
7/25/2014,48.560001,48.959999,48.139999,48.830002,461500,47.955954
7/24/2014,48.59,48.990002,48.41,48.73,412000,47.857742
7/23/2014,48.34,48.66,47.849998,48.450001,575600,47.582755
7/22/2014,49.669998,49.759998,48.080002,48.080002,1886300,47.219379
7/21/2014,48.580002,49.619999,48.540001,49.59,762200,48.702349
7/18/2014,48.099998,49.049999,48.029999,48.959999,926200,48.083624
7/17/2014,46.650002,48.25,46.549999,48.150002,1178900,47.288126
7/16/2014,47.310001,47.540001,46.52,46.759998,580000,45.923003
7/15/2014,47.240002,47.77,46.990002,47.200001,716600,46.35513
7/14/2014,47.290001,47.919998,47.279999,47.669998,464500,46.816714
7/11/2014,46.869999,47.09,46.560001,46.939999,572300,46.099782
7/10/2014,46.849998,47.290001,46.68,46.869999,549300,46.031035
7/9/2014,47.740002,48.07,47.02,47.630001,575500,46.777433
7/8/2014,47.98,48.450001,47.27,47.369999,1115900,46.522085
7/7/2014,48.439999,48.720001,47.900002,48.299999,688200,47.435438
7/3/2014,48.490002,48.830002,48.400002,48.459999,562000,47.592574
7/2/2014,48.900002,49.07,48.279999,48.43,763300,47.563112
7/1/2014,49.080002,49.57,48.880001,48.98,705000,48.103267
6/30/2014,48.990002,49.34,48.869999,49.209999,555300,48.329149
6/27/2014,48.84,49.48,48.73,49.09,460900,48.211298
6/26/2014,48.669998,49.150002,48.330002,48.939999,491400,48.063982
6/25/2014,48.099998,49.290001,48.099998,48.740002,714000,47.867565
6/24/2014,48.860001,49.189999,48.259998,48.419998,639900,47.553289
6/23/2014,48.959999,49.360001,48.77,49.23,605200,48.348792
6/20/2014,49.439999,49.66,48.860001,48.880001,1085100,48.005058
6/19/2014,50.470001,50.549999,48.810001,49.459999,1287000,48.574674
6/18/2014,51.279999,51.5,50.279999,50.299999,1110700,49.399639
6/17/2014,50.060001,51.59,50.029999,51.310001,874300,50.391562
6/16/2014,50.009998,50.540001,49.889999,50.25,1002700,49.350534
6/13/2014,49.380001,50.34,49.25,50.200001,1114800,49.30143
6/12/2014,48.07,49.720001,48,49.25,874300,48.368434
6/11/2014,47.43,48.200001,47.029999,48.080002,916800,47.219379
6/10/2014,48.009998,48.450001,47.549999,47.599998,943700,46.747967
6/9/2014,48.529999,48.970001,48.34,48.669998,519400,47.798814
6/6/2014,48.580002,49.099998,48.419998,48.669998,747500,47.798814
6/5/2014,48.07,48.360001,47.57,48.209999,997300,47.347049
6/4/2014,47.73,47.91,46.84,47.830002,1650900,46.973854
6/3/2014,49.759998,49.860001,47.939999,48.060001,1396600,47.199736
6/2/2014,50.700001,50.860001,49.900002,50.25,471800,49.350534
5/30/2014,50.599998,50.93,50.529999,50.68,544000,49.772838
5/29/2014,50.939999,50.98,50.310001,50.599998,526700,49.694268
5/28/2014,50.709999,50.959999,49.880001,50.669998,732900,49.763015
5/27/2014,49.93,50.939999,49.93,50.830002,664500,49.743374
5/23/2014,49.5,50.150002,49.48,49.82,547900,48.754964
5/22/2014,49.139999,49.82,49.060001,49.360001,459000,48.304798
5/21/2014,48.380001,49.400002,48.380001,49.040001,721900,47.991639
5/20/2014,48.720001,49.049999,48.169998,48.25,660700,47.218527
5/19/2014,48.439999,49.150002,48.439999,48.849998,806200,47.805699
5/16/2014,49.139999,49.41,48.279999,48.720001,765900,47.67848
5/15/2014,49.919998,50.080002,48.709999,49.060001,952100,48.011212
5/14/2014,50.75,50.75,50.150002,50.18,369000,49.107268
5/13/2014,51.459999,51.689999,50.790001,50.860001,354700,49.772732
5/12/2014,51.060001,51.849998,51.009998,51.549999,386000,50.44798
5/9/2014,50.970001,51.009998,50.169998,50.810001,368000,49.723801
5/8/2014,50.91,52.169998,50.810001,50.970001,495900,49.880381
5/7/2014,51.790001,52.290001,50.299999,51.07,899800,49.978241
5/6/2014,53.099998,53.48,51.419998,51.990002,789500,50.878576
5/5/2014,52.48,53.43,52.029999,53.290001,432900,52.150784
5/2/2014,53.490002,53.73,52.75,52.779999,365500,51.651685
5/1/2014,53.349998,53.48,52.68,53.459999,374200,52.317148
4/30/2014,53.02,53.400002,52.439999,53.360001,392100,52.219287
4/29/2014,52.709999,53.119999,52.5,52.91,272000,51.778907
4/28/2014,52.630001,53.040001,51.799999,52.470001,304200,51.348314
4/25/2014,52.630001,52.779999,52.360001,52.439999,360700,51.318953
4/24/2014,53.029999,53.189999,52.34,52.93,372300,51.79848
4/23/2014,52.66,53.049999,52.34,52.669998,359100,51.544036
4/22/2014,52.07,52.93,51.619999,52.740002,512300,51.612543
4/21/2014,52.16,52.310001,51.529999,52.049999,366600,50.937291
4/17/2014,51.419998,52.59,51.150002,52.200001,726400,51.084086
4/16/2014,51.009998,51.630001,50.720001,51.509998,425500,50.408834
4/15/2014,50.48,51.099998,49.299999,50.439999,805200,49.361708
4/14/2014,50.91,51.099998,49.950001,50.43,930700,49.351924
4/11/2014,50.939999,51.57,50.330002,50.75,586000,49.665083
4/10/2014,52.209999,52.380001,51.119999,51.119999,652400,50.027172
4/9/2014,52.299999,52.560001,51.639999,52.369999,1072300,51.25045
4/8/2014,51.669998,51.869999,50.650002,51.110001,1056900,50.017387
4/7/2014,53.700001,53.970001,51.619999,51.669998,832400,50.565413
4/4/2014,55.09,55.34,53.130001,53.740002,1019600,52.591165
4/3/2014,55.209999,55.459999,54.32,54.75,795000,53.579572
4/2/2014,56.02,56.040001,54.419998,55.25,1051500,54.068883
4/1/2014,56.720001,56.98,55.799999,56.32,1064500,55.116009
3/31/2014,56.290001,56.82,55.830002,56.599998,543900,55.390022
3/28/2014,56.560001,56.77,55.450001,55.75,625800,54.558194
3/27/2014,56.009998,56.52,55.32,56.48,865200,55.272588
3/26/2014,57.259998,57.560001,56.009998,56.060001,597200,54.861568
3/25/2014,57,58.150002,56.66,56.98,998200,55.761899
3/24/2014,56.240002,56.619999,55.32,56.57,679900,55.360664
3/21/2014,56.810001,56.950001,55.939999,55.98,786500,54.783277
3/20/2014,55.959999,56.669998,55.84,56.66,545900,55.44874
3/19/2014,57.16,57.330002,55.990002,56.200001,710600,54.998575
3/18/2014,58.610001,58.93,57.07,57.099998,825600,55.879333
3/17/2014,58.860001,59.279999,58.400002,58.610001,662800,57.357055
3/14/2014,57.200001,58.740002,57.150002,58.540001,997500,57.288551
3/13/2014,56.93,57.490002,56.700001,57.18,675300,55.957624
3/12/2014,55.77,56.689999,55.5,56.639999,329000,55.429167
3/11/2014,56.41,56.540001,55.84,56.110001,423700,54.910499
3/10/2014,57.07,57.349998,56.439999,56.459999,436300,55.253015
3/7/2014,57.639999,57.709999,57.09,57.279999,340600,56.055485
3/6/2014,57.259998,58.240002,57.009998,57.400002,562200,56.172923
3/5/2014,56.580002,57.259998,56.330002,57.25,557100,56.026128
3/4/2014,55.509998,56.68,55.509998,56.59,637200,55.380237
3/3/2014,53.299999,55.450001,53,55.400002,879700,54.215678
2/28/2014,54,54.860001,53.900002,54.029999,527500,52.874963
2/27/2014,53.700001,54.040001,53.349998,53.919998,370800,52.767314
2/26/2014,53.869999,54.389999,53.509998,53.720001,407500,52.571592
2/25/2014,54.34,54.549999,53.73,53.860001,347900,52.532449
2/24/2014,54.560001,54.93,54.259998,54.27,501500,52.932343
2/21/2014,54.799999,54.950001,54.080002,54.169998,630000,52.834806
2/20/2014,55.439999,55.75,54.349998,54.689999,763300,53.341989
2/19/2014,56.310001,56.450001,55.290001,55.349998,540600,53.985721
2/18/2014,56.52,56.720001,56.07,56.490002,433900,55.097625
2/14/2014,56.73,57.09,55.849998,56.310001,630200,54.922062
2/13/2014,55.860001,57.259998,55.740002,56.66,997300,55.263433
2/12/2014,54.869999,56.060001,54.700001,56.049999,720600,54.668468
2/11/2014,54.369999,55.509998,54.369999,54.740002,934700,53.39076
2/10/2014,53.93,54.5,53.419998,54.369999,922300,53.029877
2/7/2014,52,53.599998,51.509998,53.419998,705800,52.103292
2/6/2014,51,51.709999,50.860001,51.68,664900,50.406182
2/5/2014,51,51.27,50.150002,50.720001,475000,49.469845
2/4/2014,49.990002,51.360001,49.540001,51,1053100,49.742942
2/3/2014,52.099998,52.310001,49,49.130001,1283300,47.919035
1/31/2014,50.75,52.450001,50.700001,52.02,790300,50.737802
1/30/2014,50.369999,51.639999,50.049999,51.400002,786900,50.133085
1/29/2014,49.990002,50.400002,49.709999,49.720001,681500,48.494493
1/28/2014,49.310001,50.27,49.119999,50.189999,726500,48.952906
1/27/2014,50.240002,50.459999,48.919998,49.02,752800,47.811746
1/24/2014,50.66,50.740002,49.810001,50.029999,678500,48.79685
1/23/2014,50.709999,50.970001,50.110001,50.73,829100,49.479597
1/22/2014,50.060001,50.970001,49.950001,50.75,568200,49.499104
1/21/2014,50.880001,50.98,49.84,49.869999,648200,48.640794
1/17/2014,48.900002,50.34,48.75,49.880001,1331600,48.650549
1/16/2014,49.68,49.799999,48.990002,49.049999,480800,47.841006
1/15/2014,49.740002,50.02,49.169998,49.830002,470100,48.601783
1/14/2014,48.490002,50.119999,48.450001,49.740002,925000,48.514001
1/13/2014,50,50,48.220001,48.470001,526300,47.275303
1/10/2014,49.669998,50.029999,49.400002,49.849998,493900,48.621286
1/9/2014,50.029999,50.400002,49.48,49.759998,610400,48.533504
1/8/2014,50.68,50.91,49.810001,50.02,624800,48.787098
1/7/2014,51.18,51.389999,50.369999,50.689999,515200,49.440582
1/6/2014,51.73,51.919998,50.93,50.93,550900,49.674668
1/3/2014,51.290001,51.900002,51.060001,51.66,648600,50.386674
1/2/2014,51.889999,51.98,50.759998,50.98,522100,49.723435
12/31/2013,51.950001,52.209999,51.599998,51.959999,567400,50.679279
12/30/2013,52.470001,52.669998,52.060001,52.240002,642200,50.464702
12/27/2013,52.790001,53.110001,52.5,52.610001,358900,50.822127
12/26/2013,53.27,53.52,52.82,52.84,306700,51.04431
12/24/2013,53.259998,53.490002,52.740002,53.099998,183200,51.295473
12/23/2013,52.639999,53.310001,52.330002,53.110001,528500,51.305135
12/20/2013,52.029999,52.43,51.669998,52.380001,1054500,50.599944
12/19/2013,52.25,52.490002,51.75,51.939999,508600,50.174894
12/18/2013,52.5,52.549999,51.34,52.43,692400,50.648244
12/17/2013,52.5,52.77,52.259998,52.349998,457900,50.570961
12/16/2013,52.060001,52.830002,52,52.599998,516100,50.812465
12/13/2013,51.970001,52.240002,51.330002,51.75,375100,49.991352
12/12/2013,50.93,52.290001,50.720001,51.700001,724400,49.943052
12/11/2013,52.040001,52.040001,50.509998,50.73,609200,49.006015
12/10/2013,50.709999,51.639999,50.68,51.389999,360200,49.643586
12/9/2013,51.5,52.18,51.07,51.189999,486000,49.450382
12/6/2013,50.959999,51.869999,50.669998,51.450001,713500,49.701548
12/5/2013,50.880001,51.18,50.349998,50.59,720800,48.870773
12/4/2013,50.849998,51.27,50.16,51.139999,519800,49.402082
12/3/2013,52.73,52.799999,51.169998,51.27,670400,49.527665
12/2/2013,52.470001,53.849998,52.299999,52.98,657900,51.179552
11/29/2013,52.779999,52.950001,52.25,52.279999,231700,50.50334
11/27/2013,53.200001,53.32,52.450001,52.689999,337600,50.899407
11/26/2013,53.630001,53.639999,52.869999,53.209999,350900,51.401736
11/25/2013,54.759998,54.759998,53.740002,53.799999,368900,51.797804
11/22/2013,54.310001,54.790001,53.849998,54.529999,587000,52.500636
11/21/2013,53.02,54.360001,53.02,54.139999,820500,52.125151
11/20/2013,51.360001,52.970001,51.209999,52.919998,920300,50.950552
11/19/2013,51.23,51.599998,50.93,51.360001,309700,49.448611
11/18/2013,51.52,51.810001,50.93,51.130001,345000,49.227171
11/15/2013,50.580002,51.610001,50.349998,51.580002,387500,49.660425
11/14/2013,50.779999,50.84,50.419998,50.540001,258200,48.659128
11/13/2013,49.869999,50.650002,49.84,50.650002,375800,48.765035
11/12/2013,51.200001,51.560001,50.130001,50.18,389800,48.312525
11/11/2013,51.02,52.02,51,51.41,638100,49.496749
11/8/2013,49.560001,51.18,49.400002,51.119999,446000,49.217541
11/7/2013,50.700001,50.970001,49.360001,49.380001,541800,47.542298
11/6/2013,50.41,50.75,50.119999,50.52,290400,48.639872
11/5/2013,49.639999,50.349998,49.490002,50.099998,436700,48.2355
11/4/2013,48.779999,49.849998,48.779999,49.700001,405300,47.850389
11/1/2013,50.110001,51.5,48.25,48.990002,705800,47.166813
10/31/2013,49.389999,49.75,48.369999,48.43,762600,46.627652
10/30/2013,50.150002,50.279999,49.189999,49.290001,455100,47.455647
10/29/2013,50.200001,51,49.650002,49.91,744000,48.052573
10/28/2013,50.610001,50.82,49.41,49.610001,676200,47.763738
10/25/2013,50.419998,50.799999,50.209999,50.639999,516900,48.755405
10/24/2013,50.84,50.98,50.139999,50.279999,412900,48.408802
10/23/2013,50.110001,50.75,49.709999,50.68,649900,48.793917
10/22/2013,49.68,50.41,49.459999,50.27,821300,48.399176
10/21/2013,49.650002,49.75,49.240002,49.57,423500,47.725226
10/18/2013,48.98,49.919998,48.599998,49.48,848500,47.638575
10/17/2013,47.82,48.310001,47.82,48.099998,389900,46.309931
10/16/2013,47.34,48.400002,47.25,47.919998,392200,46.13663
10/15/2013,47.68,47.720001,47.18,47.25,372000,45.491566
10/14/2013,46.650002,47.779999,46.630001,47.73,395700,45.953702
10/11/2013,46.799999,47.32,46.799999,47.049999,346500,45.299009
10/10/2013,45.860001,47.02,45.650002,46.900002,576200,45.154593
10/9/2013,45.400002,46,45.150002,45.419998,843100,43.729669
10/8/2013,45.970001,46.080002,45.259998,45.450001,476700,43.758555
10/7/2013,45.830002,46.310001,45.689999,45.82,408600,44.114784
10/4/2013,46.07,46.509998,45.77,46.189999,478500,44.471013
10/3/2013,45.41,46.18,44.860001,45.950001,633400,44.239947
10/2/2013,46.27,46.66,45.299999,45.630001,567900,43.931856
10/1/2013,45.200001,46.98,45.02,46.759998,1144100,45.0198
9/30/2013,44.919998,45.43,44.900002,45.23,455700,43.546741
9/27/2013,45.169998,45.57,45.110001,45.360001,241900,43.671904
9/26/2013,45.139999,45.509998,45.02,45.439999,283800,43.748925
9/25/2013,45.07,45.369999,44.580002,45.02,360500,43.344557
9/24/2013,45.220001,45.580002,44.720001,45.150002,470500,43.46972
9/23/2013,45.18,45.540001,44.900002,45.139999,501500,43.46009
9/20/2013,45.73,45.91,45.27,45.32,1012600,43.633392
9/19/2013,45.650002,45.740002,45.23,45.700001,378900,43.999251
9/18/2013,45.110001,45.740002,44.93,45.48,500400,43.787437
9/17/2013,45.169998,45.360001,44.860001,45.299999,716700,43.614136
9/16/2013,46.360001,46.490002,45.009998,45.209999,666000,43.527485
9/13/2013,46.099998,46.650002,45.77,46.16,355300,44.442131
9/12/2013,46.369999,46.59,45.959999,46.110001,252600,44.393992
9/11/2013,45.91,46.490002,45.790001,46.450001,511500,44.721339
9/10/2013,45.900002,46.23,45.619999,45.889999,449100,44.182179
9/9/2013,45.209999,45.830002,45.150002,45.610001,424800,43.9126
9/6/2013,45.330002,45.66,44.439999,45.23,693100,43.546741
9/5/2013,45.380001,45.779999,45.110001,45.279999,424200,43.59488
9/4/2013,44.919998,45.310001,44.610001,45.189999,710100,43.508229
9/3/2013,46.299999,46.52,44.599998,45.029999,1624500,43.354183
8/30/2013,47.07,47.16,45.700001,45.889999,522200,44.182179
8/29/2013,46.990002,47.470001,46.990002,47.169998,405600,45.414542
8/28/2013,46.389999,47.200001,46.09,46.990002,554000,45.241244
8/27/2013,48.23,48.490002,46.27,46.470001,799900,44.740595
8/26/2013,48.689999,48.959999,48.27,48.57,280400,46.762441
8/23/2013,48.98,49,48.259998,48.529999,266000,46.723929
8/22/2013,47.990002,48.93,47.849998,48.889999,380400,47.070532
8/21/2013,47.889999,48.290001,47.599998,47.849998,268700,46.069235
8/20/2013,47.610001,48.25,47.459999,47.98,305800,46.194398
8/19/2013,47.700001,48.330002,47.560001,47.580002,322100,45.809287
8/16/2013,47.740002,48.25,47.689999,47.860001,348000,46.078865
8/15/2013,48.43,48.650002,47.709999,47.91,604700,46.127004
8/14/2013,49.52,49.700001,48.619999,49.049999,366400,47.224577
8/13/2013,49.32,49.779999,48.849998,49.560001,1154700,47.7156
8/12/2013,48.77,49.490002,48.77,49.139999,625800,47.311228
8/9/2013,48.34,48.880001,48.119999,48.77,595100,46.954999
8/8/2013,47.759998,48.400002,47.41,48.360001,460900,46.560258
8/7/2013,47.139999,47.73,46.799999,47.490002,589400,45.722636
8/6/2013,48.32,48.700001,47.150002,47.599998,1240900,45.828539
8/5/2013,49.509998,49.91,48.200001,48.740002,1264800,46.926117
8/2/2013,50.950001,51.119999,49.650002,50.84,827400,48.947963
8/1/2013,50.639999,51,50.419998,50.799999,887500,48.90945
7/31/2013,50,50.869999,49.34,50.099998,639700,48.2355
7/30/2013,49.5,50,49.299999,49.73,570700,47.879271
7/29/2013,49.240002,49.5,48.919998,49.470001,446900,47.628949
7/26/2013,49,49.509998,48.889999,49.48,351300,47.638575
7/25/2013,49.5,49.799999,48.799999,49.259998,548600,47.426761
7/24/2013,49.060001,49.790001,49.009998,49.669998,720600,47.821503
7/23/2013,49.490002,49.580002,48.560001,49,724900,47.176439
7/22/2013,48.57,49.66,48.18,49.490002,1045200,47.648205
7/19/2013,48.860001,49.099998,48.470001,48.669998,420400,46.858718
7/18/2013,48.66,49.259998,48.639999,49.119999,398900,47.291972
7/17/2013,48.299999,49,47.950001,48.619999,765700,46.81058
7/16/2013,47.790001,48.299999,47.619999,48.040001,488200,46.252167
7/15/2013,47.52,47.720001,47.169998,47.610001,705800,45.838169
7/12/2013,47.470001,47.889999,47.099998,47.25,1440400,45.491566
7/11/2013,47.310001,47.419998,46.869999,47.290001,1030000,45.530078
7/10/2013,47.639999,47.830002,46.91,47.07,658100,45.318265
7/9/2013,47.939999,48,47.150002,47.529999,583000,45.761145
7/8/2013,47.650002,48,47.5,47.619999,555800,45.847795
7/5/2013,47.48,47.59,47.080002,47.43,675100,45.664868
7/3/2013,46.91,47.310001,46.709999,46.970001,470100,45.221988
7/2/2013,47.25,47.529999,46.299999,46.700001,1238600,44.962035
7/1/2013,46.759998,47.959999,46.75,47.389999,695400,45.626355
6/28/2013,47.130001,47.130001,46.34,46.639999,1304800,44.904267
6/27/2013,45.779999,46.950001,45.529999,46.849998,1148700,45.106451
6/26/2013,44.73,45.580002,44.380001,45.419998,1135900,43.729669
6/25/2013,44.189999,44.849998,43.799999,44.27,1055300,42.622469
6/24/2013,42.759998,44,42.580002,43.779999,859700,42.150703
6/21/2013,42.689999,43.130001,41.970001,42.610001,703700,41.024247
6/20/2013,42.580002,42.98,42.080002,42.580002,718000,40.995364
6/19/2013,43.490002,43.700001,42.939999,42.939999,416500,41.341964
6/18/2013,43.150002,43.77,43.080002,43.369999,510700,41.755961
6/17/2013,42.939999,43.18,42.799999,43.130001,606800,41.524895
6/14/2013,42.41,43.150002,42.299999,42.57,538300,40.985735
6/13/2013,41.360001,42.349998,41.080002,42.27,371700,40.6969
6/12/2013,42,42.389999,41.34,41.490002,350600,39.945929
6/11/2013,41.990002,42.619999,41.610001,41.810001,428100,40.25402
6/10/2013,41.75,42.279999,41.400002,42.209999,856900,40.639132
6/7/2013,40.720001,41.34,40.360001,41.200001,660000,39.666721
6/6/2013,39.880001,40.619999,39.880001,40.5,498600,38.992771
6/5/2013,39.950001,40.139999,39.77,39.93,978100,38.443984
6/4/2013,40.630001,40.700001,39.73,39.970001,839600,38.482496
6/3/2013,40.439999,40.639999,39.75,40.419998,503300,38.915746
5/31/2013,40.700001,40.869999,40.099998,40.139999,568700,38.646168
5/30/2013,40.720001,40.900002,40.509998,40.669998,333400,39.156443
5/29/2013,40.560001,40.689999,40.32,40.560001,309200,39.050539
5/28/2013,40.93,41,40.560001,40.73,371100,39.069792
5/24/2013,40.439999,40.630001,40.009998,40.52,298100,38.868353
5/23/2013,39.939999,40.540001,39.650002,40.540001,367400,38.887538
5/22/2013,40.77,41,40.009998,40.150002,428700,38.513436
5/21/2013,40.650002,40.919998,40.580002,40.810001,265700,39.146533
5/20/2013,40.790001,40.959999,40.540001,40.619999,369100,38.964275
5/17/2013,40.330002,40.880001,40.18,40.75,530100,39.088977
5/16/2013,40.040001,40.52,39.849998,40.27,392900,38.628543
5/15/2013,39.970001,40.25,39.830002,40.029999,618500,38.398324
5/14/2013,39.59,39.990002,39.540001,39.990002,441900,38.359958
5/13/2013,39.380001,39.91,39.27,39.650002,461900,38.033816
5/10/2013,39.110001,39.459999,39.049999,39.310001,281400,37.707675
5/9/2013,39.259998,39.5,38.98,39.060001,284400,37.467865
5/8/2013,39.220001,39.439999,38.880001,39.209999,537700,37.611749
5/7/2013,39.099998,39.259998,38.880001,39.130001,558200,37.535012
5/6/2013,39.290001,39.52,38.77,38.919998,686600,37.333569
5/3/2013,38,39.459999,37.549999,38.75,754500,37.1705
5/2/2013,37.349998,37.68,37.110001,37.509998,422300,35.981042
5/1/2013,37.48,37.950001,37.27,37.299999,401000,35.779603
4/30/2013,36.93,37.549999,36.709999,37.529999,453400,36.000228
4/29/2013,36.650002,37.09,36.48,37.040001,426200,35.530203
4/26/2013,36.57,36.66,36.34,36.529999,280700,35.040989
4/25/2013,36.48,36.75,36.310001,36.610001,414900,35.11773
4/24/2013,36.560001,36.689999,36.299999,36.450001,362800,34.964252
4/23/2013,36.400002,36.810001,36.130001,36.450001,549900,34.964252
4/22/2013,36.580002,36.610001,36.18,36.360001,582800,34.87792
4/19/2013,36.220001,36.709999,36.220001,36.610001,344700,35.11773
4/18/2013,36.34,36.5,35.939999,36.150002,357500,34.676481
4/17/2013,36.48,36.48,35.939999,36.209999,424200,34.734033
4/16/2013,36.490002,36.950001,36.23,36.720001,478500,35.223247
4/15/2013,36.91,37.169998,36.18,36.189999,502700,34.714848
4/12/2013,37.150002,37.23,36.93,36.959999,234700,35.453462
4/11/2013,36.950001,37.48,36.919998,37.240002,436200,35.722051
4/10/2013,36.380001,37.18,36.27,36.93,601400,35.424686
4/9/2013,36.66,36.669998,36.119999,36.150002,444900,34.676481
4/8/2013,36.419998,36.560001,36.080002,36.540001,203200,35.050583
4/5/2013,36.09,36.41,35.759998,36.41,422000,34.925881
4/4/2013,36.240002,36.439999,36.060001,36.389999,391500,34.906696
4/3/2013,37,37,35.93,36.130001,668400,34.657296
4/2/2013,36.959999,36.970001,36.75,36.860001,358600,35.357539
4/1/2013,36.889999,36.950001,36.34,36.709999,317100,35.213652
3/28/2013,36.560001,36.990002,36.419998,36.939999,303200,35.434277
3/27/2013,36.389999,36.599998,36.200001,36.560001,254100,35.069768
3/26/2013,36.639999,36.790001,36.32,36.580002,366300,35.088954
3/25/2013,36.380001,36.75,36.330002,36.59,477700,35.098544
3/22/2013,36.209999,36.389999,36.049999,36.389999,449200,34.906696
3/21/2013,36.18,36.630001,36.18,36.23,343300,34.753218
3/20/2013,36.02,36.59,35.93,36.41,268600,34.925881
3/19/2013,36.150002,36.240002,35.779999,35.959999,378000,34.494223
3/18/2013,35.880001,36.279999,35.799999,36.130001,338200,34.657296
3/15/2013,36.369999,36.48,35.990002,36.169998,662300,34.695662
3/14/2013,36,36.830002,35.919998,36.360001,704400,34.87792
3/13/2013,36.049999,36.049999,35.610001,35.860001,646400,34.398301
3/12/2013,35.939999,35.939999,35.619999,35.759998,373200,34.302375
3/11/2013,35.740002,36,35.740002,35.889999,236800,34.427077
3/8/2013,36,36,35.57,35.66,454700,34.206452
3/7/2013,35.950001,36.150002,35.68,35.779999,280000,34.32156
3/6/2013,36.150002,36.200001,35.790001,35.860001,272300,34.398301
3/5/2013,36.029999,36.130001,35.860001,36.02,282300,34.551779
3/4/2013,35.5,35.880001,35.259998,35.849998,486500,34.388706
3/1/2013,35.84,35.919998,35.220001,35.419998,991500,33.976233
2/28/2013,35.84,36.189999,35.720001,35.919998,428400,34.455853
2/27/2013,35.540001,36.16,35.52,35.889999,370500,34.427077
2/26/2013,35,35.799999,34.900002,35.66,578500,34.062566
2/25/2013,35.599998,35.880001,34.720001,34.740002,398600,33.183781
2/22/2013,35.529999,35.630001,35.240002,35.540001,251200,33.947943
2/21/2013,35.389999,35.669998,35.240002,35.380001,387200,33.79511
2/20/2013,35.889999,35.950001,35.27,35.369999,395000,33.785556
2/19/2013,36.049999,36.049999,35.540001,35.799999,545300,34.196294
2/15/2013,35.720001,36.110001,35.689999,35.959999,501600,34.349127
2/14/2013,35.049999,35.869999,34.59,35.689999,782100,34.091221
2/13/2013,34.919998,35.080002,34.849998,34.990002,373600,33.422582
2/12/2013,34.900002,35.099998,34.799999,34.959999,556000,33.393923
2/11/2013,34.5,34.869999,34.169998,34.779999,658800,33.221986
2/8/2013,34.389999,34.68,33.639999,34.459999,464500,32.916321
2/7/2013,34.27,34.369999,33.970001,34.299999,373800,32.763489
2/6/2013,33.91,34.349998,33.84,34.23,431600,32.696625
2/5/2013,33.950001,34.169998,33.869999,34.049999,401700,32.524688
2/4/2013,33.849998,34.09,33.66,33.93,463800,32.410064
2/1/2013,34,34.18,33.66,34,473800,32.476928
1/31/2013,33.529999,33.919998,33.509998,33.880001,353500,32.362305
1/30/2013,33.529999,33.700001,33.470001,33.59,235500,32.085295
1/29/2013,33.5,33.610001,33.369999,33.560001,299500,32.05664
1/28/2013,33.470001,33.700001,33.369999,33.48,358700,31.980222
1/25/2013,33.349998,33.419998,33.07,33.389999,409400,31.894253
1/24/2013,33.130001,33.5,33.119999,33.400002,321400,31.903807
1/23/2013,33.25,33.259998,32.939999,33.150002,347100,31.665006
1/22/2013,33.139999,33.32,32.990002,33.240002,348400,31.750975
1/18/2013,32.689999,33.330002,32.599998,33.119999,597700,31.636348
1/17/2013,32.48,32.689999,32.380001,32.630001,317200,31.1683
1/16/2013,32.169998,32.540001,32.060001,32.490002,548000,31.034572
1/15/2013,31.75,32.27,31.75,32.25,451400,30.805322
1/14/2013,31.870001,31.99,31.84,31.959999,321900,30.528312
1/11/2013,31.700001,31.92,31.52,31.870001,335500,30.442345
1/10/2013,31.18,31.76,31.129999,31.74,628300,30.318167
1/9/2013,31.41,31.68,31.190001,31.6,465900,30.18444
1/8/2013,31.41,31.42,31.15,31.23,445500,29.831013
1/7/2013,31.27,31.440001,31.200001,31.34,335900,29.936086
1/4/2013,30.6,31.33,30.549999,31.25,727000,29.850118
1/3/2013,30,30.57,29.92,30.530001,807100,29.162372
1/2/2013,29.74,30.209999,29.74,30.129999,597400,28.780289
